	Bit_1	Bit_2	Bit_3	Bit_4	Bit_5	Bit_6	Bit_7	Bit_8	Bit_9	Bit_10	Bit_11	Bit_12	Bit_13	Bit_14	Bit_15	Bit_16	Bit_17	Bit_18
001 CLA-EPd-CTX Car3 Glut	6331	925	7763	4513	4914	5089	912	67664	5790	4212	10499	2062	64522	172	10224	972	18622	11464
002 IT EP-CLA Glut	1729	1527	12573	6334	6509	5324	2877	67712	6612	4511	16223	4575	121158	176	23179	1814	30835	15542
003 L5/6 IT TPE-ENT Glut	960	1061	9928	7293	8156	5112	2555	49620	6388	3843	19275	5035	109176	169	24687	1716	35324	16512
004 L6 IT CTX Glut	711	1000	10063	5171	4220	5334	1201	60832	5565	4769	11519	2986	90395	155	11353	1118	21871	11677
005 L5 IT CTX Glut	818	1162	10469	7264	5578	4143	1433	64829	7470	6278	13950	3223	139220	199	13165	1319	27880	13996
006 L4/5 IT CTX Glut	1122	883	8649	5423	3805	5981	922	55450	6625	3572	10178	1971	96812	140	8931	1028	19450	10827
007 L2/3 IT CTX Glut	1046	1349	12438	4994	3743	7826	2896	75504	7580	4275	11407	2314	110627	189	12945	1295	20711	12256
008 L2/3 IT ENT Glut	1735	1170	8536	6537	4995	4126	1836	36089	5758	4418	14138	3182	116896	191	15862	1369	25886	12152
009 L2/3 IT PIR-ENTl Glut	687	988	7828	4952	4666	6572	1687	49574	4812	4247	12253	2003	96219	192	13533	1228	24107	11444
010 IT AON-TT-DP Glut	491	930	7134	4595	3890	2917	2260	39614	4195	3412	9862	1961	66449	147	11445	985	18731	10516
011 L2 IT ENT-po Glut	1944	1177	10026	11480	9062	4831	621	46355	6521	7633	23192	5951	131487	260	21447	1958	47711	16627
012 MEA Slc17a7 Glut	905	1104	11451	5092	5701	5070	2667	62332	3533	4442	13840	1857	137883	287	23768	2362	25132	12726
013 COAp Grxcr2 Glut	445	558	6427	2817	3256	4921	1497	38454	2055	2328	7863	783	56052	173	12483	1004	13474	8600
014 LA-BLA-BMA-PA Glut	1025	1374	12977	6325	7046	5669	2843	66091	5347	3872	17657	4850	127628	321	27807	2104	32530	16180
015 ENTmv-PA-COAp Glut	385	1192	7367	4583	4675	2858	1875	42045	2574	1794	11153	1947	89166	134	21586	1263	21435	10546
016 CA1-ProS Glut	648	1445	23338	7496	6171	4189	1495	111816	6628	5000	18582	6672	136098	216	25480	1991	36294	16093
017 CA3 Glut	2290	1643	30060	11997	10890	9160	970	135143	6726	9446	31653	8626	144172	364	34669	3461	62378	26629
018 L2 IT PPP-APr Glut	1385	1713	10897	4246	3210	4787	2276	56152	3922	2918	9379	999	122574	161	14132	1158	18264	9968
019 L2/3 IT PPP Glut	1000	1236	9697	5844	4014	3178	1063	61053	4883	4303	11088	2925	114689	174	11956	1248	22326	10154
020 L2/3 IT RSP Glut	609	842	5293	3836	2267	1816	832	48276	2941	2779	5886	776	70050	114	5530	646	11644	6809
021 L4 RSP-ACA Glut	2133	1492	12385	15005	6313	6866	3030	74191	12307	5399	19544	3456	179332	143	14783	2214	42251	22373
022 L5 ET CTX Glut	1209	1397	15671	13105	7865	3416	3618	63991	7788	6229	21631	5437	144087	180	21509	2117	49333	20089
023 SUB-ProS Glut	2132	1832	18877	10939	7702	2412	5186	78879	6393	5874	20183	6101	147022	200	25893	1988	44029	17924
024 L5 PPP Glut	1600	1069	7154	5677	3531	1208	3221	28836	1802	2058	9022	1468	81767	96	9807	1096	19449	8961
025 CA2-FC-IG Glut	2056	1690	26602	10541	8688	3473	1643	116481	5178	9547	27596	4434	128610	366	24759	2610	55920	22489
026 NLOT Rho Glut	1512	1153	8691	5056	5359	3470	1963	46703	5080	4629	13050	3091	84722	222	17726	1392	24607	13084
027 L6b EPd Glut	3627	1355	15828	11243	11238	2443	1583	57590	5499	8186	28526	7688	226264	283	42201	3257	54161	24495
028 L6b/CT ENT Glut	1346	558	7692	3935	3736	1424	1002	31880	3184	3624	10322	3935	104718	107	15000	1118	18426	9419
029 L6b CTX Glut	1106	564	6718	5822	4653	1058	1003	32281	3157	4564	12624	3580	98487	138	14774	1185	23388	11621
030 L6 CT CTX Glut	466	560	9414	5074	3526	1491	515	52802	4031	4747	10394	3515	101176	92	10665	1103	19205	10279
031 CT SUB Glut	743	580	5060	3842	3226	1068	2297	36476	2870	3084	7572	2631	82662	71	9664	819	14179	7238
032 L5 NP CTX Glut	1057	552	3907	5250	2988	1781	427	30673	2086	2996	7638	994	73566	79	7451	984	14411	7627
033 NP SUB Glut	1611	1134	5911	7317	5383	2459	1338	30798	2625	4421	12510	2224	94900	96	12700	1167	24091	11169
034 NP PPP Glut	1090	345	2424	3125	3034	561	316	20530	1568	2397	6360	867	77279	46	6750	669	10744	6672
035 OB Eomes Ms4a15 Glut	2522	1285	3100	8505	5345	956	974	53967	3240	3311	12243	1709	143073	153	11366	1219	27592	12006
036 HPF CR Glut	234	259	782	1531	1548	204	220	43988	498	438	3460	362	19332	60	3273	384	3883	4509
037 DG Glut	690	1260	7136	2114	1999	2311	2377	53205	1319	2348	5314	550	57291	240	7808	1020	9579	5861
038 DG-PIR Ex IMN	359	534	3075	1302	1628	311	830	31516	784	1212	3672	460	29383	95	4110	652	4468	5048
039 OB Meis2 Thsd7b Gaba	1308	2447	1410	3020	1250	309	670	54474	982	1723	3714	785	42922	208	4580	829	6864	3800
040 OB Trdn Gaba	583	1107	1766	1128	773	632	760	41162	1879	935	2203	342	34555	58	2872	542	3824	2405
041 OB-in Frmd7 Gaba	1015	926	2161	2008	739	1161	785	44697	2121	2076	2687	497	39874	76	3381	642	6282	3098
042 OB-out Frmd7 Gaba	625	849	1468	2402	838	533	885	57873	725	2256	2409	399	32265	117	3925	536	4146	2804
043 OB-mi Frmd7 Gaba	1396	2303	3255	6949	1952	852	765	80738	2022	3267	6594	943	60594	108	6336	864	14391	6836
044 OB Dopa-Gaba	1733	815	1792	5090	2323	562	634	82320	1439	2121	5581	864	53097	159	7540	754	11943	5684
045 OB-STR-CTX Inh IMN	400	1043	1111	1515	1698	259	228	29466	841	645	3962	400	25731	125	3371	967	4010	6002
046 Vip Gaba	998	5570	1913	3227	2369	1524	1051	36459	988	1512	5227	497	50464	105	5915	669	8751	5595
047 Sncg Gaba	1329	12892	3571	7254	6073	2423	3006	52547	1337	2376	13050	1014	81035	289	13081	1702	24007	11889
048 RHP-COA Ndnf Gaba	2048	9019	4694	9750	8031	2487	2498	68087	2209	3830	17428	1184	107546	280	18981	2481	33836	14790
049 Lamp5 Gaba	864	2817	2762	4702	2603	791	1091	26632	963	1443	7246	674	49189	80	7344	826	12867	7487
050 Lamp5 Lhx6 Gaba	832	1945	3846	9167	3812	677	5121	53081	1228	2089	10461	815	77352	181	10274	1282	18744	10286
051 Pvalb chandelier Gaba	529	1619	3585	10034	4492	746	2093	53593	1657	2072	10932	812	81468	163	9180	1202	22625	10288
052 Pvalb Gaba	836	1023	4951	11173	4245	1198	2027	42832	1368	2835	11214	997	68299	132	8343	1163	27138	10920
053 Sst Gaba	1657	1200	5248	7243	5211	2173	1400	51249	1651	3534	12228	1159	79379	128	12440	1693	23304	10912
054 STR Prox1 Lhx6 Gaba	1219	2632	9179	17143	6033	1876	4088	77681	3574	4683	18502	2556	146053	294	16256	2207	40463	16538
055 STR Lhx8 Gaba	1705	1986	6377	8751	7051	1328	3526	56963	2991	3713	13939	1968	120291	312	17924	1703	25703	12735
056 Sst Chodl Gaba	1874	1362	4614	7862	8162	1832	3362	71080	2183	4750	14668	1272	97170	267	20127	2553	25799	13126
057 NDB-SI-MA-STRv Lhx8 Gaba	1589	5085	4919	13767	10599	2161	4718	74371	2503	5586	20470	1360	157405	247	21736	2784	41561	16452
058 PAL-STR Gaba-Chol	6682	4005	10625	17229	21598	5404	5592	161394	3598	9509	37212	3415	184285	595	41349	3617	63300	30616
059 GPe-SI Sox6 Cyp26b1 Gaba	1174	4770	5941	12672	9630	1248	2596	79596	2399	5502	20228	1618	138473	252	21530	2263	41930	17047
060 OT D3 Folh1 Gaba	908	1015	4779	3178	1978	3483	760	84516	2467	3920	5757	1056	92763	157	7781	1299	11452	5588
061 STR D1 Gaba	1472	1616	25245	6304	4311	8855	1704	144826	8549	7833	14020	4507	172913	345	15734	1621	26097	12452
062 STR D2 Gaba	1276	1217	23921	6079	3361	9666	1950	144356	8291	6741	12422	3812	159334	308	12771	1434	23089	11352
063 STR D1 Sema5a Gaba	1338	3009	15171	5516	3682	4320	1905	116567	5284	5068	10185	2337	133755	457	13887	1542	19708	9921
064 STR-PAL Chst9 Gaba	1256	1460	5483	3010	2495	1953	1490	62845	3998	2446	6183	1289	75432	259	10305	1566	11337	6192
065 IA Mgp Gaba	1917	3093	6977	5634	4712	1886	3828	49399	3087	3579	11685	1594	90388	197	15721	1649	22825	10708
066 NDB-SI-ant Prdm12 Gaba	1509	2784	9459	11050	7666	2210	4194	63236	4821	5746	17404	1828	132486	270	19866	1894	33822	15128
067 LSX Sall3 Pax6 Gaba	2886	1214	6340	4699	4137	2803	2296	48276	2450	2021	9759	1466	84520	129	14995	1333	17227	9181
068 LSX Otx2 Gaba	954	1165	6711	5240	5165	1454	1235	41688	2151	1787	11296	1599	91419	265	16476	1459	18737	10039
069 LSX Nkx2-1 Gaba	928	1421	10220	6263	4895	2088	2408	56115	2473	2747	12809	2372	97607	272	17109	1574	21553	13133
070 LSX Prdm12 Slit2 Gaba	1490	1587	11905	7998	6396	2482	3164	60937	3994	3203	15827	2649	113842	352	21197	1666	27422	14618
071 LSX Prdm12 Zeb2 Gaba	1564	1439	16689	8046	6924	3287	3270	80983	3967	3803	18219	3534	111014	604	24752	1997	32151	16473
072 LSX Sall3 Lmo1 Gaba	1101	1507	11081	7106	4702	2686	1977	62115	2565	3615	12677	2356	93608	351	15643	1582	22891	14230
073 MEA-BST Sox6 Gaba	1200	2555	8883	5655	6277	2330	2491	45283	2926	2691	13063	1368	119414	248	20940	1700	22855	10890
074 MEA-BST Lhx6 Sp9 Gaba	1164	3185	9160	6690	7670	1970	3654	50624	3292	3048	15031	1405	129482	238	23053	2149	25607	12584
075 MEA-BST Lhx6 Nr2e1 Gaba	1011	2614	8135	6890	7799	1659	2232	37399	2365	2674	15111	1638	129439	243	21492	2129	26178	11934
076 MEA-BST Lhx6 Nfib Gaba	1237	1251	7679	6296	6596	1343	3046	48768	2602	1940	13250	1180	125862	175	21872	1868	22020	11380
077 CEA-BST Gal Avp Gaba	1183	2612	6427	7588	12170	1738	2615	54604	2751	2399	17578	1904	114163	959	28134	2782	26808	17374
078 SI-MA-ACB Ebf1 Bnc2 Gaba	1060	3936	6041	7924	7991	1727	3050	52684	1985	3953	14446	1526	121677	276	18787	1815	25229	12582
079 CEA-BST Six3 Cyp26b1 Gaba	1168	1175	12032	5696	6193	3126	2987	58652	3860	3109	15171	2571	125893	279	26137	2034	26014	13245
080 CEA-AAA-BST Six3 Sp9 Gaba	1098	1343	8923	4823	5528	1978	2599	50499	3136	2677	11634	1457	98932	199	18747	1556	20055	10532
081 ACB-BST-FS D1 Gaba	1089	1881	9311	5295	6486	2055	4616	54276	2847	2523	13206	1996	116958	291	22886	1640	22323	11738
082 CEA-BST Ebf1 Pdyn Gaba	1371	1661	10999	6830	8164	3625	3226	56746	4227	3271	17552	2653	139491	298	26904	1911	30696	14769
083 CEA-BST Rai14 Pdyn Crh Gaba	1187	1480	11937	6562	6233	4847	1658	59736	4659	3703	14417	2887	135769	195	20609	1742	25662	13833
084 BST-SI-AAA Six3 Slc22a3 Gaba	1008	2365	5613	7622	7752	1639	2000	50317	1834	3649	13968	1273	114618	286	19266	2185	25523	12473
085 SI-MPO-LPO Lhx8 Gaba	1363	3367	6205	11658	10790	2021	4310	59109	2992	3470	19742	1994	146294	280	23773	2577	35628	16545
086 MPO-ADP Lhx8 Gaba	1127	3229	3983	7797	7796	1118	2468	46584	1776	2431	14065	1273	115872	261	18634	1639	24684	12216
087 MPN-MPO-LPO Lhx6 Zfhx3 Gaba	689	1039	5043	6492	7263	972	3187	40414	1419	2067	12452	1016	107533	125	17159	1676	21986	11318
088 BST Tac2 Gaba	1052	1599	7945	6832	8289	1599	1933	37048	2132	3042	15921	1567	120182	351	21964	1894	25678	14063
089 PVR Six3 Sox3 Gaba	807	1188	3227	6046	5894	927	1809	45177	1579	1982	10992	979	92181	272	14225	1291	19388	10205
090 BST-MPN Six3 Nrgn Gaba	801	1129	5903	4929	5911	1293	2263	39832	1835	2088	11203	1150	102148	218	17756	1351	17968	10358
091 ARH-PVi Six6 Dopa-Gaba	1828	1332	2736	4272	6557	1823	2391	40842	2192	2090	11363	913	78648	148	16827	1173	16604	11225
092 TMv-PMv Tbx3 Hist-Gaba	1523	1928	4299	8624	13938	1889	5777	73988	2986	3405	22342	1603	101425	173	26822	2128	34297	23052
093 RT-ZI Gnb3 Gaba	718	942	3957	10662	5544	1859	941	48905	1331	3081	13335	1032	90541	197	11349	1387	31001	12261
094 SCH Six6 Cdc14a Gaba	296	352	1056	2200	2655	368	392	68330	1689	556	4516	481	39333	126	7450	554	6679	5575
095 DMH Prdm13 Gaba	591	889	1948	3042	3977	886	1650	26691	1367	1270	7000	655	64442	88	11063	876	10168	7160
096 PVHd Gsc Gaba	655	813	3675	3819	4673	2042	1538	28923	1552	1870	7812	809	70581	71	12601	819	13419	7746
097 PVHd-SBPV Six3 Prox1 Gaba	673	1052	2894	3993	4272	862	1194	27628	1070	1403	7668	792	65094	138	11126	970	13021	7378
098 AHN-SBPV-PVHd Pdrm12 Gaba	526	912	2924	4969	4611	825	2017	28578	1183	1543	8782	808	71663	135	11793	1035	15445	8379
099 SBPV-PVa Six6 Satb2 Gaba	592	658	2411	3362	4383	756	1307	35247	1187	1660	7933	715	68816	115	11914	864	11895	7888
100 AHN Onecut3 Gaba	566	1685	3287	5377	5632	951	1488	32445	1214	1809	10024	937	78813	168	12722	1182	17573	9423
101 ZI Pax6 Gaba	695	1237	3667	7810	5957	1014	2269	34447	1537	3062	12168	933	90366	155	12562	1226	23530	10679
102 DMH-LHA Gsx1 Gaba	878	1185	3948	5146	5957	1506	2097	36204	1584	2025	10720	964	83645	262	14652	1258	17341	11107
103 PVHd-DMH Lhx6 Gaba	781	1526	3705	6596	6290	1068	2195	40167	1606	2649	11484	1022	91460	199	14619	1318	20832	10329
104 TU-ARH Otp Six6 Gaba	990	1169	4893	5077	6506	2124	2064	42143	2352	2269	11821	1224	92092	168	17170	1345	18635	12331
105 TMd-DMH Foxd2 Gaba	1373	1331	3020	4635	5665	2249	1570	43622	1765	1891	9403	831	79266	148	15940	1031	14373	9970
106 PVpo-VMPO-MPN Hmx2 Gaba	1060	2203	4679	6559	8678	1659	3124	40866	2624	2626	14599	1341	103695	260	20798	1577	23605	13829
107 DMH Hmx2 Gaba	998	1706	4177	5604	6526	1368	2929	34268	2138	2063	11381	1032	89679	211	16351	1220	18425	11017
108 ARH-PVp Tbx3 Gaba	954	1070	3638	4323	6011	1123	1275	39444	2085	1570	10506	874	76317	182	15164	1211	14952	11616
109 LGv-ZI Otx2 Gaba	659	1537	4651	6443	4711	1206	2857	30826	1513	2901	10299	1076	81089	169	10948	1118	21265	8907
110 BST-po Iigp1 Glut	876	1244	6686	3644	2324	3049	2109	24504	2815	1991	5965	391	79978	208	9202	931	11009	6692
111 TRS-BAC Sln Glut	714	666	2397	5020	4030	4501	373	64098	2191	4397	7639	1678	99919	94	7554	985	13907	9067
112 GPi Tbr1 Cngb3 Gaba-Glut	2258	2923	4373	11958	8089	1352	2997	63549	2792	4856	17460	1495	117950	209	15162	1658	34930	14129
113 MEA-COA-BMA Ccdc42 Glut	808	1827	8822	4161	5520	2820	1676	39140	3136	2331	10361	1262	98003	223	17786	1296	18028	9659
114 COAa-PAA-MEA Barhl2 Glut	1941	1436	9808	6640	7180	4558	2596	53521	3873	4700	16012	1528	119158	242	20300	1685	28696	13921
115 MS-SF Bsx Glut	1483	1594	7255	7745	8671	2152	4195	59837	2442	3553	15300	1372	125236	361	20343	1979	26764	13200
116 AVPV-MEPO-SFO Tbr1 Glut	1253	1834	5394	6056	8687	1153	3680	53840	2987	2265	14591	1475	117511	287	22120	1471	22831	13527
117 LHA Barhl2 Glut	1050	1444	4879	7140	7257	1707	1883	35333	1819	2732	13064	1240	98852	230	17067	1425	23741	12342
118 ADP-MPO Trp73 Glut	1425	1576	4103	8801	7758	1373	2828	50045	2202	2990	14385	1298	109536	216	18104	1651	26945	12685
119 SI-MA-LPO-LHA Skor1 Glut	1310	1436	5116	8433	6857	2014	3544	45535	1945	3273	13780	1230	113734	275	16520	1730	24885	12639
120 MEA Otp Foxp2 Glut	1876	1871	13755	6481	9285	4030	2141	51963	3041	3824	16658	2255	174056	767	26281	2168	29957	14359
121 MEA-BST Otp Zic2 Glut	1311	1643	10138	5815	7286	3074	3692	41456	2633	2839	13487	1493	133517	244	23278	1924	23392	11737
122 LHA-MEA Otp Glut	1503	2234	7567	5946	7740	2178	2973	36391	2751	2474	13711	1503	112638	279	21576	1727	22892	12322
123 DMH Nkx2-4 Glut	541	714	2743	2861	3942	1229	354	38803	1724	1330	7003	713	66545	107	11460	963	10245	7541
124 MPN-MPO-PVpo Hmx2 Glut	1327	1367	5219	5480	7819	1718	2206	39507	2304	2235	12988	1292	97911	250	20004	1498	20809	12211
125 DMH Hmx2 Glut	2098	987	3158	4976	6534	1374	1699	36262	2182	1412	10373	1082	89981	300	16902	1216	16090	10403
126 ARH-PVp Tbx3 Glut	1668	1009	3555	4951	6986	1322	1694	41158	2488	1602	11823	1061	78163	164	16557	1248	17796	13055
127 DMH-LHA Vgll2 Glut	1561	1096	3507	6427	14646	1540	1602	55850	11941	2535	18280	1323	68423	236	21560	1740	26765	16246
128 VMH Fezf1 Glut	1141	1773	6222	5223	7049	1758	1653	33390	2185	1934	12547	1415	101202	222	20016	1690	20938	12033
129 VMH Nr5a1 Glut	768	1373	7553	5152	6408	1820	1698	37683	1942	2199	11937	1372	93262	164	18600	1451	20098	11129
130 LHA Pmch Glut	1986	1715	6385	7263	12570	2514	4285	61935	2145	3581	20210	1315	115233	269	26201	2344	30000	19605
131 LHA-AHN-PVH Otp Trh Glut	987	1484	3500	5074	6796	1389	2340	33442	2427	1907	11318	1085	75863	183	15908	1354	18030	11596
132 AHN-RCH-LHA Otp Fezf1 Glut	838	1298	4836	5910	6866	1985	2388	35914	1788	2513	12174	1274	97422	283	17209	1446	21437	11574
133 PVH-SO-PVa Otp Glut	898	1537	2978	5185	6884	1320	2160	43707	2415	1957	11850	973	69685	210	15776	1371	17553	12394
134 PH-ant-LHA Otp Bsx Glut	1332	1649	4230	5965	6881	1562	2430	41218	1997	2352	12004	1175	91981	259	15983	1304	19998	11750
135 STN-PSTN Pitx2 Glut	1341	1582	6296	8792	7222	1998	3142	43997	2508	3537	14034	1487	99480	225	16830	1537	27483	12152
136 PMv-TMv Pitx2 Glut	1680	1087	5797	5497	7751	2153	2181	38492	2832	2427	13721	1404	96009	328	21149	1646	22760	12077
137 PH-an Pitx2 Glut	953	1155	3585	4322	5396	1367	2633	37650	1751	1917	9353	1147	81748	269	13259	1041	14795	9184
138 PH Pitx2 Glut	1470	2107	5106	6111	7190	1882	3133	40577	2590	2581	12419	1445	97730	248	18034	1462	21320	12072
139 PH-LHA Foxb1 Glut	1293	2121	5535	6723	6851	1867	4203	44335	2378	3136	12344	1460	107143	218	16718	1514	22500	11731
140 PMd-LHA Foxb1 Glut	1737	1245	4254	5478	6673	1964	2117	45710	2280	2817	11178	1165	86275	202	15143	1540	19639	10514
141 PH-SUM Foxa1 Glut	1741	1349	4431	5645	7289	2043	2119	46441	2554	2669	12079	1539	89767	236	17850	1463	20724	11333
142 HY Gnrh1 Glut	724	723	2459	5149	9372	2523	945	91938	2498	1749	14078	1100	62986	765	14742	1307	15046	18384
143 MM-ant Foxb1 Glut	1037	2474	4957	5950	5643	4202	2388	46620	2817	4024	10836	1368	102214	188	11903	1443	19841	10165
144 MM Foxb1 Glut	1517	2633	4893	8243	6714	6996	3791	59830	3611	6485	13764	1706	144823	186	12833	1761	27295	13331
145 MH Tac2 Glut	4090	1144	1670	4357	4051	1149	531	48938	1434	3971	8524	1763	71906	772	7949	1228	14641	7711
146 LH Pou4f1 Sox1 Glut	2797	955	2397	6638	5406	1135	1234	43370	1913	3291	10750	1404	74666	500	11279	1442	20377	9944
147 AD Serpinb7 Glut	2307	2163	10897	16069	10356	2591	1687	91250	2501	7271	24917	2258	118879	282	21465	2166	59836	20951
148 AV Col27a1 Glut	1802	2199	8497	10490	5747	1243	1106	79464	2338	6755	16761	2381	133126	150	14150	1625	38900	16122
149 PVT-PT Ntrk1 Glut	2547	1915	5617	7915	9077	6667	3319	49792	3397	2374	17457	2257	111137	223	25814	1655	30376	16055
150 CM-IAD-CL-PCN Sema5b Glut	2005	1574	6421	7557	6350	4056	1473	39927	2612	4136	14622	1726	92037	174	16100	1351	29316	13639
151 TH Prkcd Grin2c Glut	2049	3553	11574	11182	5823	2058	1637	43960	4497	9079	18625	2820	115826	176	12886	1943	43613	16540
152 RE-Xi Nox4 Glut	1290	1372	5690	6448	6282	3355	2058	35294	2945	3358	13476	1664	91030	170	14903	1638	24947	13693
153 MG-POL-SGN Nts Glut	1183	1433	5340	5621	4639	2843	1513	34831	2513	3214	10794	1154	79915	176	11768	1227	20739	10549
154 PF Fzd5 Glut	2787	1179	8971	8240	8075	2083	2414	56670	3435	5068	15767	1973	87453	185	14515	1630	30256	15585
155 PRC-PAG Pax6 Glut	1506	1733	6075	7681	8456	1844	3470	45060	2470	3366	15604	1601	123008	285	19935	1745	27576	13361
156 MB-ant-ve Dmrta2 Glut	2210	2463	8016	11568	11233	2327	3969	60671	3541	5053	21184	2158	141947	289	24131	2259	39211	18293
158 MRN-PAG Nkx6-1 Glut	1271	2272	5537	7402	8199	1538	3166	40128	2417	3755	14547	1565	118740	284	19608	1683	25198	12602
159 IF-RL-CLI-PAG Foxa1 Glut	1705	1873	5268	8212	8509	1696	2729	65234	2961	3866	14956	1791	109375	359	19780	1842	27179	12995
160 PAG-SC Neurod2 Meis2 Glut	1601	1532	4904	7559	7297	1630	3725	61325	2158	3917	13731	1674	124928	380	16423	1644	25760	12011
161 PAG Pou4f3 Glut	1533	1593	6627	8975	8358	1504	3941	60881	2094	3972	15949	1672	121079	323	18716	1753	30099	13788
162 CUN Evx2 Lhx2 Glut	1694	1715	7497	8538	9655	2369	3489	55575	2177	4338	17123	1842	128985	457	22419	2058	30161	15453
163 APN C1ql2 Glut	940	1789	3376	6974	5298	1130	2189	47192	1989	3945	10935	1223	120995	255	10539	1240	22042	9085
164 APN C1ql4 Glut	794	1311	3844	7209	5181	1166	3285	36776	1523	4244	10308	1200	98242	220	10056	1318	21288	9724
165 PAG-MRN Pou3f1 Glut	2473	1718	7838	9767	12198	3446	3408	68934	4212	4960	20106	2242	153348	548	27445	2520	35437	17540
166 MRN Pou3f1 C1ql4 Glut	1946	2075	7348	10637	9954	2363	4725	65579	3641	4855	18961	2065	145701	316	21166	2104	36595	16855
167 PRC-PAG Tcf7l2 Irx2 Glut	996	1322	4541	6034	6681	1521	2488	38658	1711	2770	11737	1347	92364	253	15328	1344	20858	10841
168 SPA-SPFm-SPFp-POL-PIL-PoT Sp9 Glut	1342	1487	5370	5427	6661	2175	2870	43031	2211	2866	11373	1284	91833	330	16058	1482	19666	10878
169 PAG-SC Pou4f1 Zic1 Glut	1449	1891	7831	8321	8659	2211	3331	52284	2466	4560	16474	1983	133393	341	19909	2016	30362	14987
170 PAG-MRN Tfap2b Glut	1340	3208	7775	8578	10964	2289	4395	60709	2536	4488	19265	2373	145056	477	25090	2121	33118	17460
171 PAG Pou4f1 Bnc2 Glut	1828	2046	8850	8655	10410	2397	4533	59342	2475	5129	18619	2183	156189	344	23152	2088	32746	17558
172 PAG Pou4f1 Ebf2 Glut	1750	2137	8671	8329	9925	2640	5249	58076	3124	4428	18212	2066	146401	424	23613	1928	30995	16742
173 PAG Pou4f2 Glut	1558	1670	7269	7618	8334	2056	3414	58023	2281	4316	15291	2105	135724	366	21032	1929	27141	14299
174 PAG Pou4f2 Mesi2 Glut	1756	1821	7104	8869	9469	1965	4083	62962	2475	4434	17210	2275	140405	482	23011	1974	30254	15591
175 SC Bnc2 Glut	1095	2098	5730	6479	5105	1602	1463	44222	1702	3783	11268	1784	103297	242	13502	1467	22900	11380
176 SCig Foxb1 Glut	1359	1688	6221	6843	5617	1707	2709	46890	1924	4269	11800	1658	105387	243	14044	1626	22663	11040
177 SCig-an-PPT Foxb1 Glut	1494	2134	8101	10746	7054	1837	3130	45344	2893	5686	15786	1601	134325	233	15140	1803	32628	13794
178 SCig Foxb1 Otx2 Glut	1353	1286	5656	5717	4777	1575	2490	44590	1925	3460	10187	1514	98570	242	12780	1298	18538	9083
179 SCdg-PAG Tfap2b Glut	1389	1832	6247	7071	7557	1585	3655	50711	2009	3898	13790	2345	125238	440	18675	1609	24204	13008
180 SCiw Pitx2 Glut	1451	1534	5003	8612	7591	1504	2588	56868	2367	4506	14879	1799	119813	254	15261	1798	27384	13060
181 IC Tfap2d Maf Glut	1253	1963	7142	8631	5221	3256	4128	65365	3129	3814	12059	1568	129484	292	13255	1455	24424	11441
182 CUN-PPN Evx2 Meis2 Glut	2140	2239	7103	11666	14175	2091	4518	86880	3062	5965	23487	2198	165785	416	28142	3057	42606	19007
183 PBG Mtnr1a Glut-Chol	3465	2665	9544	16047	15733	3698	4993	88221	4718	10129	30369	3090	202913	479	31616	3450	57956	24759
184 PAG Tcf24 Glut	2273	3406	7044	14931	19165	2491	7393	53082	3513	6716	31995	2578	135399	424	33252	2943	56294	21641
185 SCig Tfap2b Chrnb3 Glut	1249	1184	5474	5480	4456	1971	1737	45627	1415	3069	9505	1489	87486	222	10372	1498	18538	9230
186 SCop Pou4f2 Neurod2 Glut	1205	1165	6045	5415	4093	1313	2157	43934	1958	2486	9091	1194	87563	230	10341	1207	18208	8476
187 SCsg Pde5a Glut	1353	1576	6546	6240	4834	2135	2357	55510	2147	4371	10739	1504	119556	334	10602	1625	22456	10755
188 SCop Sln Glut	1772	1538	11713	9008	7643	2963	4128	59234	3201	5909	19886	2469	171093	400	20774	2114	38647	21952
189 PAG Ucn Glut	26034	3438	9797	11707	19601	2271	4062	239938	10205	5198	33235	2672	167894	326	39019	3573	51325	27472
190 ND-INC Foxd2 Glut	2576	2256	6367	13396	8544	1569	4069	69914	2975	5646	18067	1595	120626	347	15376	1993	36545	16654
191 PAG-MRN Rln3 Gaba	2566	3310	5200	9568	15301	1884	2136	138300	6280	5289	23985	2290	154023	293	34130	2851	36785	22224
192 PPN-CUN-PCG Otp En1 Gaba	1393	3284	5969	11058	10318	1931	4236	66957	1901	4870	18975	1605	159061	366	21507	2538	35453	16077
193 MRN-PPN-CUN Pax8 Gaba	1361	2260	5366	8627	8340	2138	4227	54368	2059	4134	15401	1422	139104	230	18697	1798	26916	12988
194 MRN-VTN-PPN Pax5 Cdh23 Gaba	1424	4023	5887	12359	12649	2128	5404	74270	3374	5244	22965	1775	166625	352	27649	2495	40585	18297
195 SNr-VTA Pax5 Npas1 Gaba	2267	2238	7581	40582	17738	2622	3574	73222	3602	11869	40919	2675	151539	393	28563	3524	95919	32540
196 PAG-PPN Pax5 Sox21 Gaba	1651	1863	7041	16226	14437	2605	4181	94181	3494	6025	25768	2463	176021	521	32999	2696	48444	19778
197 SNr Six3 Gaba	1016	3276	5564	40138	13589	1565	1913	40281	2516	9525	32400	1945	74917	347	17726	2757	75807	30770
198 IC Six3 En2 Gaba	1464	3876	6804	14139	8259	1734	3910	68959	2345	5458	18780	1572	136619	335	17047	2348	37837	16790
199 PAG-MRN-RN Foxa2 Gaba	1747	4603	6147	14158	11631	1903	4850	84295	2643	5776	22740	1912	164200	454	23438	2577	43642	18638
200 PAG-ND-PCG Onecut1 Gaba	1424	3142	5474	15212	10834	1926	4151	91049	2532	5197	22031	1892	177173	322	22030	2531	45491	17937
201 PAG-RN Nkx2-2 Otx1 Gaba	1371	2153	7276	12997	11444	1861	4340	71915	2585	4975	21864	1882	165885	370	24046	2275	41565	18052
202 PRT Tcf7l2 Gaba	1168	3497	4396	10177	6779	1456	2854	50549	1755	3932	14695	1209	122904	244	13735	1665	29633	12496
203 LGv-SPFp-SPFm Nkx2-2 Tcf7l2 Gaba	955	2091	4688	7444	7322	1646	3072	46196	1822	3147	13881	1319	107273	213	17165	1667	25356	11959
204 SC Otx2 Gcnt4 Gaba	1144	4403	2386	5558	3128	785	1719	44461	897	5163	7677	672	94086	164	8738	816	15024	6876
205 SC-PAG Lef1 Emx2 Gaba	941	1405	4618	9350	6600	1267	3298	51410	1994	4255	13889	1298	105549	225	14003	1435	27609	11593
206 SCm-PAG Cdh23 Gaba	994	1395	4384	7377	6470	1441	2417	42616	1650	3658	12757	1276	110892	219	15658	1418	23892	11064
207 SCs Dmbx1 Gaba	1315	2622	4583	7034	4138	1238	2396	36301	1540	3266	10431	1335	103438	223	9602	1333	20849	9936
208 SC Lef1 Otx2 Gaba	799	1637	4090	5837	3543	988	1664	36862	1330	4291	8640	1000	93502	189	8976	1078	16281	8237
209 SCs Pax7 Nfia Gaba	857	1617	4279	4502	3450	936	2726	34472	1629	2479	7854	910	78144	180	8777	1007	14547	7111
210 PRT Mecom Gaba	839	1701	5545	8072	6981	1846	2791	46859	1661	4007	13868	1181	120307	235	15003	1561	25293	11460
211 SC Tnnt1 Gli3 Gaba	852	1756	2651	5983	3548	1424	1173	39221	1135	3609	7798	839	81087	232	7648	1264	15831	7245
212 SCs Lef1 Gli3 Gaba	1722	1294	3994	6177	4585	1492	1803	43603	1426	3273	10317	1187	103983	233	10938	1177	20447	9815
213 SCsg Gabrr2 Gaba	1200	1703	3713	4864	3287	1227	1129	42319	1471	3454	8608	1317	95142	676	10190	1330	15597	8488
214 IPN Otp Crisp1 Gaba	1725	1993	5371	7306	6759	3855	1590	112547	2352	2885	13137	2001	133702	240	16791	2010	25278	11731
215 SNc-VTA-RAmb Foxa1 Dopa	10038	6786	8476	21409	28132	4927	3062	227486	5824	15389	48037	3960	257895	607	54325	4785	97195	38788
216 MB-MY Tph2 Glut-Sero	3226	2378	7977	15670	24506	3733	2832	133309	6579	7779	38963	2845	176355	359	45496	3795	66149	33570
217 PB Lmx1a Glut	2469	2341	10468	10469	12311	4184	3711	101799	4766	6041	21747	2011	179936	475	29001	2526	38951	19081
218 PSV Lmx1a Trpv6 Glut	1300	1563	5550	7122	7603	1681	4167	66965	2419	3648	14319	1669	125857	568	18332	1940	25061	13360
219 PB-SUT Tlx3 Lhx2 Glut	2076	2989	9505	7957	9582	3509	6196	73259	2805	4762	16953	2182	156708	322	23377	2315	30464	15085
220 PB Pax5 Glut	2365	1862	8271	7965	9505	2700	3155	62787	2474	4211	17152	2063	137025	340	23215	2090	29884	14738
221 LDT-PCG Vsx2 Lhx4 Glut	1567	1887	6392	7561	7958	2002	3701	63422	2486	3842	14265	1642	130444	294	18677	1850	25477	12572
222 PB Evx2 Glut	2598	3431	8593	10626	12316	2994	5494	81823	3748	5788	21721	2064	165966	483	28258	2657	39129	18314
223 B-PB Nr4a2 Glut	3045	2438	9257	13893	18415	2297	4315	97535	4811	6810	29666	2521	204338	512	37138	3248	55809	24667
224 PCG-PRNr Vsx2 Nkx6-1 Glut	1713	2238	7540	10963	10238	1847	3861	74899	2807	5494	19025	1765	159372	315	21183	2285	36756	16308
225 PRNc-NI-SG-RPO Vsx2 Nr4a2 Glut	1275	1325	5789	6824	7039	2412	2957	70461	2840	3341	12570	1410	116939	262	17097	1720	22780	11609
226 PRNc-PARN Tlx1 Glut	1593	2093	7296	8717	10470	2468	3228	65613	3894	4529	18275	2081	142230	289	23320	2128	31180	17154
227 PB-PSV Phox2b Glut	1265	2723	7717	7336	8700	1979	4425	58391	2148	4470	15258	1537	124002	274	21132	1750	27315	14300
228 PSV Pvalb Lhx2 Glut	1484	1539	9568	15508	6552	1581	1206	95955	2942	5486	16157	1695	98415	213	9567	1808	39812	16856
229 PB-NTS Phox2b Ebf3 Lmx1b Glut	1390	1985	8334	7900	10227	2756	4180	73365	3110	3398	17325	1766	142675	463	24097	2061	30383	15405
230 PRNr Otp Nfib Glut	1878	2522	6589	9626	9835	2166	3268	82240	2156	5256	17676	1791	155990	370	22190	2095	32709	15812
231 IPN-LDT Vsx2 Nkx6-1 Glut	2213	2184	6026	10031	8810	2557	4415	67832	2151	5039	17057	1710	141855	273	18907	1732	30871	15031
232 LDT Vsx2 Nkx6-1 Nfib Glut	1345	2629	6948	6592	8029	1668	3659	46128	2012	3429	13975	1500	120239	402	19980	1567	23186	11803
233 NLL-SOC Spp1 Glut	5773	2451	11305	27073	11865	1780	2470	148886	3592	13970	31406	2267	215691	448	19447	3347	77892	24454
234 MEV Ppp1r1c Glut	2679	2578	14049	47499	47558	1956	3673	271630	7585	15656	70211	5097	199915	798	47673	8254	151560	78628
235 PG-TRN-LRN Fat2 Glut	1542	1373	8674	24937	16041	1606	2046	128440	5156	11405	30269	3744	119636	357	21269	2998	65035	32056
236 IRN Vip Glut	3340	2980	10285	9915	9342	2221	3264	65003	2545	4390	19149	1405	133978	494	21021	2132	35654	16977
237 PRP-NI-PRNc-GRN Otp Glut	1675	1985	6265	9821	9690	1763	3243	72598	2626	4240	17188	1568	149400	360	20719	2364	32555	14754
238 NTS Phox2b Glut	1879	1662	7770	8150	8895	2174	4161	72052	3047	4024	16007	1722	134673	423	21266	2126	28830	15210
239 MARN-GRN Pyy Glut	1671	2267	4794	8337	11222	1129	1093	50167	1840	4492	18992	1474	107744	194	22798	2147	30371	18685
240 MDRNv Lhx4 Qrfprl Glut	1568	1538	7996	8839	9318	2028	1570	57948	2184	3655	17619	1378	163450	230	21399	1931	29429	17710
241 NTS Mbnl3 Glut	1381	1627	8899	4936	6190	1794	3649	54390	1551	2329	11300	1224	87472	168	14783	1476	18517	11102
242 PGRNd Dmbx1 Glut	3165	4959	14257	12626	19293	7153	8537	160609	4587	7705	34595	4422	269601	431	44085	4311	60179	30495
243 PGRN-PARN-MDRN Hoxb5 Glut	2525	2488	10107	17739	13988	2373	4490	79366	3491	8264	28547	2332	168157	370	25678	2997	58542	25361
244 MV-SPIV Slc6a2 Glut	2284	2737	6475	14771	13123	1417	4928	102931	3437	7509	24478	1812	183799	261	23402	2654	48098	18572
245 SPVI-SPVC Tlx3 Ebf3 Glut	1407	2063	9285	7620	7188	2927	3585	72935	2750	4350	14373	1707	136914	352	17953	1912	27784	13039
246 CU-ECU-SPVI Foxb1 Glut	2613	2572	9855	14899	9919	2719	2759	97780	4089	8051	21518	1969	168931	337	18174	2449	47988	19137
247 MV-SPIV Phox2b Ebf3 Lbx1 Glut	1352	1739	6800	9155	7973	1525	3082	71675	1864	5153	15304	1617	139600	204	15941	1908	29575	13463
248 MV-SPIV Zic4 Neurod2 Glut	3113	2392	7593	18831	15298	2147	3714	92488	4163	6789	30085	3319	199949	323	26155	3102	62920	22984
249 NTS Aldh1a2 Glut	2797	2360	10277	14295	14128	3217	5483	95391	4626	7031	27037	3486	217764	451	27757	2788	53294	21728
250 CBN Neurod2 Pvalb Glut	2440	1884	6541	23243	14878	1087	3762	114773	3515	8434	30922	2424	165072	320	24318	2996	68592	22891
251 NTS Dbh Glut	2402	2942	12136	17058	31952	3738	2731	99580	7411	7872	46815	2886	181385	661	58557	4872	78711	35459
252 DMX VII Tbx20 Chol	3073	2978	9017	16207	26145	3232	2516	176389	5383	5557	38454	2905	191647	583	48146	6472	64777	32238
253 IO Fgl2 Glut	7390	2580	14541	16693	16842	5773	1805	201282	8416	8691	35704	4876	223486	434	28856	4208	69649	29837
254 VCO Mafa Meis2 Glut	3917	2135	9100	31404	13614	2256	830	90557	4443	10705	34538	2380	116648	434	17453	3293	97498	29541
255 SPVO Mafa Meis2 Glut	2533	3629	9599	17877	8223	5501	1209	196649	2968	8627	23503	2504	176496	303	18034	3656	55273	20167
256 SPVC Mafa Glut	2495	5343	8990	9899	6418	6269	1075	107157	4318	6959	14739	2053	173352	457	12396	2278	35415	14337
257 SPVC Ccdc172 Glut	2980	1408	9452	3100	3373	3448	1313	70735	1989	2947	7752	1319	113138	610	12199	1163	13458	8064
258 SPVC Nmu Glut	1293	3086	8000	4671	4261	4328	1321	71990	2055	4008	9122	1239	119895	748	14008	1245	17760	9593
259 MDRNd Bves Glut	1228	1581	10053	5978	7093	2158	6683	73069	1624	3879	12505	1143	112927	389	16081	1599	22084	12203
260 MDRNv Crp Glut	3516	3121	12365	15039	17609	4865	4249	114355	5909	8726	32197	2734	193672	648	43109	3113	59499	24868
261 HB Calcb Chol	640	617	3072	11199	8035	717	515	26143	1518	3197	16227	1196	39844	233	10510	2188	39104	11596
262 Pineal Crx Glut	162	120	720	1743	1144	175	65	29340	1074	1505	3217	157	11387	192	2351	750	4978	6206
263 CS-RPO Meis2 Gaba	1269	2879	4440	8044	7802	2504	2126	87604	2311	3171	14011	1614	142776	326	18663	2280	25826	12325
264 PRNc Otp Gly-Gaba	1485	3421	5666	21908	14006	1904	2991	84098	2427	5154	24775	1525	123980	321	21514	2495	42183	27875
265 PB Sst Gly-Gaba	1412	3155	9160	11900	11198	2563	5355	76653	3206	5743	21044	1811	154641	378	22459	2092	39904	17469
266 PRNc Prox1 Brs3 Gly-Gaba	1239	3802	4525	8128	8646	1269	2246	51152	1777	3553	14919	1651	113671	272	18354	1715	26185	13644
267 CS-PRNr-PCG Tmem163 Otp Gaba	1128	2222	5799	9590	9418	1853	3305	68031	2098	4088	16943	1572	153424	284	21172	2107	30159	14650
268 CS-PRNr-DR En1 Sox2 Gaba	1627	2071	6453	10245	10119	2187	5399	72395	2826	5046	18800	1752	159882	380	24541	2494	34353	16139
269 LDT Fgf7 Gaba	1713	1884	4006	10178	10324	1132	2133	110218	2151	5406	17062	1187	202057	247	18072	2159	31078	14884
270 LDT-DTN Gata3 Nfix Gaba	1369	2164	5197	17955	12190	1444	2191	113394	2912	4839	23342	1772	185003	273	24208	3360	49670	19534
271 NI-RPO Gata3 Nr4a2 Gaba	1774	2757	5771	11534	12199	1857	3620	98372	3587	4657	20291	2057	158689	360	25517	2553	36573	17323
272 LDT-PCG-CS Gata3 Lhx1 Gaba	1549	2440	6303	11053	10789	2146	4214	81366	2617	4816	19385	1677	150097	392	24055	2629	36087	16113
273 PDTg-PCG Pax6 Gaba	1267	2138	4886	9412	8608	1304	1968	87913	2110	3552	15607	1740	137265	201	18655	2066	29289	13501
274 PDTg Otp Shroom3 Gaba	1076	1555	2976	6659	7005	2174	949	65863	1338	2900	11832	1122	137618	190	16400	2480	19154	10505
275 PDTg Otp Olig3 Gaba	1543	3267	2712	7436	8766	3051	3663	152723	2793	3172	13024	1940	116472	339	17040	3261	24887	13016
276 LDT-PCG St18 Gaba	1124	3163	3921	8285	9444	2625	3538	101164	1930	3985	14948	1316	122409	255	19480	1981	26569	13761
277 DTN-LDT-IPN Otp Pax3 Gaba	1100	5272	4372	9373	7529	3450	2073	114888	2275	3562	13413	1165	129333	328	15835	1803	27516	12122
278 NLL Gata3 Gly-Gaba	3091	1763	7333	18185	10843	1532	3084	79449	2984	6352	26036	2032	141674	292	19743	2666	59111	23218
281 POR Gata3 Gly-Gaba	2452	1627	5430	26112	16683	3582	4048	149470	6714	7361	33035	2163	146701	244	29668	3279	71555	28895
282 POR Spp1 Gly-Gaba	4021	1731	7577	33561	10253	1683	695	62001	1677	7470	29953	1734	105291	471	11120	2997	91749	25809
283 PRP Otp Gly-Gaba	1697	3074	5132	14185	11833	1998	3761	92118	2568	5128	21975	1893	168659	251	21298	2498	44510	17356
284 GRN-IRN-MDRNd Ikzf1 Gly-Gaba	1389	2466	3936	9108	9849	1430	1923	76463	2053	3708	16048	1310	131603	233	19953	1970	29287	13350
285 MY Lhx1 Gly-Gaba	2233	3023	9385	17536	14146	2538	5065	84741	3170	8218	28652	2215	181156	357	25415	3006	59499	23632
286 PPY-PGRNl Vip Glyc-Gaba	2534	2561	8229	17880	16481	2746	4252	124489	3811	9815	30483	2086	212627	393	29012	3688	59664	24607
287 MV-SPIV-PRP Dmbx1 Gly-Gaba	1549	4200	5374	15592	10466	1965	3145	106214	2590	6460	21769	1987	171621	257	17587	2266	46105	16282
288 MDRN Hoxb5 Ebf2 Gly-Gaba	1979	4418	9299	17797	15387	2305	6199	108619	3059	9396	29377	2112	171923	357	26514	2913	59842	23406
289 MDRNd Prox1 Pax6 Gly-Gaba	1310	1780	4842	8538	8003	1341	3475	70564	2077	4872	14728	1373	126547	251	16603	1795	26002	13381
290 MY Prox1 Lmo7 Gly-Gaba	1586	3993	8914	12509	10215	1816	3030	71660	2415	5655	19784	1953	129011	329	18850	2135	39300	17081
291 NTS-MDRNd Prox1 Zic1 Gly-Gaba	1498	1656	6721	8776	8374	1833	2458	78969	2398	4569	15400	1853	125256	290	18487	1816	29690	13132
292 MV Nkx6-1 Gly-Gaba	2095	4633	5611	19495	14711	1317	2871	149353	2990	6449	27346	3218	181480	427	24673	2886	58004	20625
293 PAS-MV Ebf2 Gly-Gaba	1324	1943	4430	12084	8062	1264	2189	89358	2285	5031	16140	1779	115911	221	15084	1997	33468	13076
294 MV Pax6 Gly-Gaba	1422	3597	4945	16410	11585	1433	3206	94409	3100	6338	22104	2229	147945	255	18853	2312	48088	16753
295 CBN Dmbx1 Gaba	1112	3259	4337	12760	10888	1427	4082	129196	2522	7741	19700	2333	154499	278	20754	2155	38292	16426
296 RPA Pax6 Hoxb5 Gly-Gaba	1406	1888	5601	8681	9191	1034	2773	68445	1822	3591	15971	1439	128014	248	19226	2104	28708	14213
298 PRP Gata3 Slc6a5 Gly-Gaba	1717	1890	4151	11681	7895	691	2507	83107	1714	4252	15906	1545	133973	224	16356	2150	31848	13121
299 MARN-PPY Ngfr Gly-Gaba	3595	3122	11188	21468	23241	2776	2369	192085	3176	10220	38441	1693	234149	434	37944	4784	81960	33137
300 PARN-MDRNd-NTS Gbx2 Gly-Gaba	1442	2570	7623	9387	9260	2257	3583	68589	2706	4500	17512	1782	143658	300	21716	2005	32213	14951
301 MV Nr4a2 Gly-Gaba	1672	1450	7209	9097	12034	2194	3286	71767	6296	2682	20104	2419	151086	741	28888	2659	32574	16303
302 MV Xdh Gly-Gaba	2269	1249	5362	16101	8586	1229	2088	52626	2901	4741	20842	1918	117557	222	18222	2187	46835	15158
303 IRN Dmbx1 Pax2 Gly-Gaba	1880	3154	8514	17518	14393	2577	5911	92525	2784	6998	29527	2011	183102	348	28780	3156	59840	22512
304 NTS-PARN Neurod2 Gly-Gaba	1608	2782	6485	9231	8562	1892	4240	79983	2503	3986	16360	1911	134541	243	20937	1922	29471	14997
305 SPVI-SPVC Sall3 Nfib Gly-Gaba	2205	4234	10226	15832	9927	2840	4339	96250	2555	8349	23341	2397	156882	466	19103	2585	52387	18795
306 SPVI-SPVC Sall3 Lhx1 Gly-Gaba	1766	1678	9276	17059	8195	1944	4248	72629	2719	7211	20903	2055	125864	357	14581	2211	48327	18387
307 RO-RPA Pkd2l1 Gaba	774	1290	3842	4073	5867	575	449	76169	1319	1791	9352	945	87134	131	13125	1560	14567	9162
308 DCO Il22 Gly-Gaba	2123	4946	10048	17462	6716	1781	4695	77946	2430	6531	21319	2766	122264	251	12552	2038	51298	18770
309 CB PLI Gly-Gaba	900	1710	3214	8176	3258	838	1484	50796	1473	3849	9267	1371	69688	146	6934	957	20037	7905
310 CBX Golgi Gly-Gaba	1719	3745	9493	17512	8416	5602	2182	114464	2659	6520	25730	2441	142963	293	17313	2030	58766	19143
311 CBX MLI Megf11 Gaba	367	2511	2377	6092	1833	976	1198	43032	903	2663	6219	1196	55921	163	5420	647	12826	6245
312 CBX MLI Cdh22 Gaba	708	1653	2800	7743	2015	908	2084	53926	1234	2717	7284	1281	76628	231	7657	759	15912	6522
313 CBX Purkinje Gaba	4416	4621	27234	47606	16619	20452	18165	645858	4844	32688	70990	14495	233904	393	27290	8510	127908	47954
314 CB Granule Glut	428	207	3026	1844	1128	237	478	39629	569	1920	2807	715	35233	146	3254	529	5272	2934
315 DCO UBC Glut	638	681	1649	4030	2820	437	2407	45162	1422	2104	5593	760	47761	172	5630	975	11406	6516
316 Bergmann NN	838	681	2430	5638	959	973	218	122273	1211	940	5740	276	33615	2191	3944	2578	5551	4604
317 Astro-CB NN	610	394	712	2657	576	482	183	76630	840	849	2760	476	23152	1706	2587	1209	3194	2122
318 Astro-NT NN	322	269	658	3875	797	561	171	73011	654	907	2864	987	17092	1679	2748	1564	3035	2572
319 Astro-TE NN	147	206	712	2605	860	774	152	36655	414	701	2995	1510	10906	1059	2558	987	2623	2864
320 Astro-OLF NN	201	372	981	3242	1147	797	248	51539	506	963	3910	868	17299	1711	3176	1456	3376	2770
321 Astroependymal NN	146	175	576	2789	921	293	150	30919	583	452	3106	2154	8238	1327	2930	1404	2969	3272
322 Tanycyte NN	297	272	1014	2727	3949	511	258	64696	3716	451	5624	959	14910	1786	5912	1502	5313	7600
323 Ependymal NN	136	178	643	2682	792	320	100	27800	753	180	4146	555	7626	537	3313	1144	3381	6282
324 Hypendymal NN	503	245	932	2085	1497	295	300	68350	3913	384	6034	827	20145	245	4817	1271	5189	6020
325 CHOR NN	214	6438	1676	9756	2198	1117	25720	37852	2590	1671	15772	626	10867	4361	12614	14796	17524	22016
326 OPC NN	194	709	1084	1251	735	303	658	23180	670	628	2900	445	22825	244	3231	1110	3393	2735
327 Oligo NN	413	409	1261	1798	1088	153	861	86460	609	1772	4582	246	33621	1695	4436	63537	7907	5832
328 OEC NN	288	236	497	1518	571	78	196	68447	1158	478	2526	274	11462	1962	2306	5240	2557	2396
329 ABC NN	414	318	1241	3071	1362	366	419	66329	1237	522	8150	1306	9851	7891	5758	2574	8045	10329
330 VLMC NN	558	285	945	2093	779	302	199	48064	1867	183	3678	293	6589	8778	2809	1527	3645	5221
331 Peri NN	339	96	420	956	294	220	245	40285	695	141	1510	91	3599	724	953	532	1695	1564
332 SMC NN	588	111	574	3300	614	760	251	66948	3900	173	2648	277	4142	256	1930	978	2894	4094
333 Endo NN	165	118	509	1083	375	167	87	26462	953	163	2441	174	2759	184	1403	807	2730	3927
334 Microglia NN	97	90	621	661	1187	238	266	18650	2497	108	2348	177	3350	107	1401	812	2397	2504
335 BAM NN	156	191	995	1059	662	153	183	27467	1805	113	4277	202	2791	2644	1615	1036	3165	4350
336 Monocytes NN	113	51	528	520	260	233	52	9115	1600	87	1277	169	1688	153	821	431	1414	2020
337 DC NN	217	160	1337	1702	1380	289	355	26296	4350	179	4700	241	3796	281	2839	1366	4777	10589
338 Lymphoid NN	83	37	545	636	266	220	212	12550	455	87	1494	245	1926	59	684	458	1392	3420
