	Readout_ID	Hybe_ID	Channel	n_Probes	n_Genes	Readout_Sequence	Imaging_Order
Bit_1	RS0095_cy5	hybe1	FarRed	1061	70	ACTCCACTACTACTCACTCT	Round1
Bit_2	RS0175_cy5	hybe3	FarRed	356	123	ACCACAACCCATTCCTTTCA	Round3
Bit_3	RS0332_cy5	hybe6	FarRed	752	199	ACATTACACCTCATTCTCCC	Round6
Bit_4	RSN2336.0_cy5	hybe8	FarRed	2296	463	CACATTCTCACCACTCACAT	Round8
Bit_5	RSN1807.0_cy5	hybe9	FarRed	1112	266	ACCATCCTTAATCAACCACC	Round9
Bit_6	RS0384_cy5	hybe10	FarRed	636	101	TTCTCCCTCTATCAACTCTA	Round10
Bit_7	RS0406_cy5	hybe11	FarRed	555	84	ACCCTTACTACTACATCATC	Round11
Bit_8	RS0451_cy5	hybe12	FarRed	402	170	TCCTAACAACCAACTACTCC	Round12
Bit_9	RS0548_cy5	hybe14	FarRed	2023	96	TATTCACCTTACAAACCCTC	Round14
Bit_10	RS64.0_cy5	hybe15	FarRed	458	132	TCACTCAATCACCTCACTTC	Round15
Bit_11	RSN4287.0_cy5	hybe16	FarRed	3560	642	CCTCACAAATTCTAACCTCC	Round16
Bit_12	RSN1252.0_cy5	hybe17	FarRed	475	85	CCAATACCTAATCCTCTCTC	Round17
Bit_13	RSN9535.0_cy5	hybe18	FarRed	4576	765	CCTCCTAACATAACACCTAC	Round18
Bit_14	RS740.0_cy5	hybe23	FarRed	196	97	ACTACACATCAACCTACTCC	Round23
Bit_15	RS810.0_cy5	hybe24	FarRed	3555	635	 ACCTACCTTAACACACACTC	Round24
Bit_16	RS458122_cy5	hybe21	FarRed	1239	281	AACTCCTTATCACCCTACTC	Round21
Bit_17	RS0083_SS_Cy5	hybe5	FarRed	4947	1190	ACACTACCACCATTTCCTAT	Round5
Bit_18	RS0255_SS_Cy5	hybe20	FarRed	3365	1004	TCCTATTCTCAACCTAACCT	Round20
